posted,,10/20/2018,,THE PARLOR ROOM 286140800AUSTIN       TX,Restaurants/Dining,-132
posted,,10/19/2018,,AUS 3187 SECOND BAR &amp; KITAUSTIN       TX,Restaurants/Dining,-11.9
posted,,10/19/2018,,AUS 3185B BARTON SPRINGS AUSTIN       TX,Gifts,-10.97
posted,,10/19/2018,,THE BLIND PIG PUB 6500000AUSTIN       TX,Restaurants/Dining,-16
posted,,10/19/2018,,STUBBS BAR-B-Q 7392954753AUSTIN       TX,Restaurants/Dining,-85
posted,,10/19/2018,,STUBBS BAR-B-Q 7392954753AUSTIN       TX,Restaurants/Dining,-9.5
posted,,10/19/2018,,HAPPY CAKES CAFE 0018    DENVER       CO,Restaurants/Dining,-5.13
posted,,10/19/2018,,CLIVE BAR 125520060949351AUSTIN       TX,Restaurants/Dining,-10
posted,,10/19/2018,,CLIVE BAR 125520060949351AUSTIN       TX,Restaurants/Dining,-32
posted,,10/19/2018,,ATX COCINA 001 ATX COCINAAUSTIN       TX,Restaurants/Dining,-166
posted,,10/19/2018,,SKIPRO.COM               602-955-3939 AZ,General Merchandise,--185.36
posted,,10/19/2018,,NATURAL GROCERS DT 25 U02DENVER       CO,Groceries,-6.98
posted,,10/16/2018,,JENNY'S MARKET #002 10188DENVER       CO,Groceries,-48.51
posted,,10/15/2018,,THE UPS STORE #2498      WESTMINSTER  CO,Postage and Shipping,-16.77
posted,,10/15/2018,,KING SOOPERS #0055 000000WESTMINSTER  CO,Groceries,-27.15
posted,,10/15/2018,,THE BLACK TUX            888-717-1588 CA,General Merchandise,-204.54
posted,,10/15/2018,,ZOLA REGISTRY            NEW YORK     NY,Restaurants/Dining,-150
posted,,10/15/2018,,USAA CREDIT CARD PAYMENT SAN ANTONIO  TX,Credit Card Payments,--1405.26
posted,,10/14/2018,,TARGET DENVER STAPLETON 2DENVER       CO,General Merchandise,-82.3
posted,,10/13/2018,,THE UPS STORE #6326      DENVER       CO,Postage and Shipping,-3.44
posted,,10/12/2018,,SAFEWAY  STORE  2246     DENVER       CO,Groceries,-37.14
posted,,10/12/2018,,USAA CREDIT CARD PAYMENT SAN ANTONIO  TX,Credit Card Payments,--786.7
posted,,10/09/2018,,CHRISTY SPORTS 10 ARVADA ARVADA       CO,Snowboarding,-323.83
posted,,10/09/2018,,SKIPRO.COM               602-955-3939 AZ,General Merchandise,-185.36
posted,,10/09/2018,,HELLOFRESH.COM 800-733-24NEW YORK,Restaurants/Dining,-69.92
posted,,10/09/2018,,VIVID SEATS COLORADO     CHICAGO      IL,Business Miscellaneous,--130
posted,,10/08/2018,,AUDIBLE US               888-283-5051 NJ,Entertainment,-16.09
posted,,10/08/2018,,ORACLE BROOM  072885 5792BROOMFIELD   CO,Business Miscellaneous,-2.93
posted,,10/08/2018,,7-ELEVEN 34036 93403699  BROOMFIELD   CO,Groceries,-57.61
posted,,10/07/2018,,RYE SOCIETY 000000001    DENVER       CO,Restaurants/Dining,-14.04
posted,,10/07/2018,,SAFEWAY  STORE  2246     DENVER       CO,Groceries,-5.55
posted,,10/06/2018,,AVELINA                  DENVER       CO,Restaurants/Dining,-100.5
posted,,10/06/2018,,BT*JUMPBIKESHAR*EDENVER JBROOKLYN     NY,Other Expenses,-2.15
posted,,10/06/2018,,KING SOOPERS #0029 000000DENVER       CO,Groceries,-7.18
posted,,10/05/2018,,VIVID SEATS COLORADO     CHICAGO      IL,Entertainment,-130
posted,,10/05/2018,,THE USUAL BARBERSHOP     DENVER       CO,Personal Care,-36
posted,,10/04/2018,,CHIPOTLE 0114 0009       LOUISVILLE   CO,Work Lunches,-10.92
posted,,10/04/2018,,ALTITUDE TICKETS-M 0081  DENVER       CO,Entertainment,-72
posted,,10/02/2018,,SAFEWAY STORE     2812   LOUISVILLE   CO,Groceries,-12.42
posted,,10/01/2018,,USAA CREDIT CARD PAYMENT SAN ANTONIO  TX,Credit Card Payments,--63.44
posted,,09/30/2018,,RYE SOCIETY 000000001    DENVER       CO,Restaurants/Dining,-4.05
posted,,09/30/2018,,USAA CREDIT CARD PAYMENT SAN ANTONIO  TX,Credit Card Payments,--494.43
posted,,09/30/2018,,FESTIV LLC               DENVER       CO,Healthcare/Medical,-20
posted,,09/29/2018,,HILTON GC 888 774-01     630-353-7900 IL,Travel,-101.95
posted,,09/29/2018,,SAFEWAY STORE  2246      DENVER       CO,Groceries,-64.09
posted,,09/29/2018,,STARBUCKS 542929806745147DENVER       CO,Restaurants/Dining,-10.59
posted,,09/29/2018,,ARGONAUT WINE &amp; LIQUOR S DENVER       CO,Alcohol/Booze,-48.56
posted,,09/28/2018,,USAA INS PREMIU USAA INS SAN ANTONIO  TX,Insurance,-59.37
posted,,09/28/2018,,SEI 37141 93714194       DENVER       CO,Securities Trades,-52.92
posted,,09/28/2018,,LARKBURGER ARVADA 0000   ARVADA       CO,Work Lunches,-12.61
posted,,09/28/2018,,SPROUTS FARMERS MKT#314 0DENVER       CO,Groceries,-31.46
posted,,09/27/2018,,NATURAL GROCERS DT 25 U02DENVER       CO,Groceries,-11.31
posted,,09/27/2018,,ORACLE BROOM  072885 5792BROOMFIELD   CO,Business Miscellaneous,-5.61
posted,,09/27/2018,,USAA CREDIT CARD PAYMENT SAN ANTONIO  TX,Credit Card Payments,--874.71
posted,,09/26/2018,,SAFEWAY STORE     2812   LOUISVILLE   CO,Groceries,-19.36
posted,,09/25/2018,,NATURAL GROCERS DT 25 U02DENVER       CO,Groceries,-16.85
posted,,09/25/2018,,ORACLE BROOM  072885 5792BROOMFIELD   CO,Business Miscellaneous,-2.77
posted,,09/24/2018,,USAA CREDIT CARD PAYMENT SAN ANTONIO  TX,Credit Card Payments,--50.04
posted,,09/22/2018,,DENVER TAILORING AND A   DENVER       CO,Clothing/Shoes,-10
posted,,09/22/2018,,EVO - DENVER 000000004   DENVER       CO,Automotive Expenses,-102.71
posted,,09/22/2018,,ARGONAUT WINE &amp; LIQUOR S DENVER       CO,Alcohol/Booze,-61.1
posted,,09/22/2018,,STITCH FIX  INC.         SAN FRANCIS  CA,Clothing/Shoes,-71.5
posted,,09/22/2018,,KING SOOPERS #0029 000000DENVER       CO,Groceries,-39.7
posted,,09/21/2018,,ORACLE BROOM  072885 5792BROOMFIELD   CO,Business Miscellaneous,-1.71
posted,,09/21/2018,,STUBHUB  INC STUBHUB  INCSAN FRANCISCOCA,Entertainment,-107.73
posted,,09/21/2018,,VZWRLSS*BILL PAY  VE     FOLSOM       CA,Telephone Services,-72.2
posted,,09/21/2018,,NATURAL GROCERS DT 25 U02DENVER       CO,Groceries,-6.99
posted,,09/20/2018,,LOLA COASTAL MEXICAN     DENVER       CO,Restaurants/Dining,-37.5
posted,,09/20/2018,,VIOC GF0001 GF00         WESTMINSTER  CO,Gasoline/Fuel,-43.58
posted,,09/20/2018,,FLATIRON 43 10096196     BROOMFIELD   CO,Gasoline/Fuel,-52.94
posted,,09/19/2018,,DTCOM                    DALLAS       TX,Travel,-228.99
posted,,09/19/2018,,DTCOM                    DALLAS       TX,Travel,-312.97
posted,,09/19/2018,,SUSHI DEN 0000           DENVER       CO,Restaurants/Dining,-136
posted,,09/19/2018,,AMAZON.COM*MT8Z163D0     AMZN.COM/BILLWA,General Merchandise,-19.37
posted,,09/18/2018,,NATURAL GROCERS DT 25 U02DENVER       CO,Groceries,-3.85
posted,,09/18/2018,,NATURAL GROCERS DT 25 U02DENVER       CO,Groceries,-9.32
posted,,09/18/2018,,IKON PASS IKON PASS      DENVER       CO,Travel,-699
posted,,09/18/2018,,SAFEWAY  STORE  2246     DENVER       CO,Groceries,-23.08
posted,,09/18/2018,,RYE SOCIETY 000000001    DENVER       CO,Restaurants/Dining,-42.12
posted,,09/16/2018,,SP * TINYHOUSEENTERPRI   ASHLAND      OR,General Merchandise,-10
posted,,09/15/2018,,CHIPOTLE 0006 0017       WHEAT RIDGE  CO,Work Lunches,-10.85
posted,,09/15/2018,,BAILEY SELF SVC 09459652 BAILEY       CO,Gasoline/Fuel,-12.77
posted,,09/14/2018,,UNITED PACIFIC 6526 09439LOUISVILLE   CO,Automotive Expenses,-29.89
posted,,09/14/2018,,KINDNESS YOGA - RINO 4368DENVER       CO,Personal Care,-10
posted,,09/14/2018,,SAFEWAY STORE     2812   LOUISVILLE   CO,Groceries,-19.36
posted,,09/14/2018,,CHIPOTLE 0114 0009       LOUISVILLE   CO,Work Lunches,-8.53
posted,,09/13/2018,,NATURAL GROCERS U025     DENVER       CO,Groceries,-4.69
posted,,09/13/2018,,USAA CREDIT CARD PAYMENT SAN ANTONIO  TX,Credit Card Payments,--115.71
posted,,09/13/2018,,USAA CREDIT CARD PAYMENT SAN ANTONIO  TX,Credit Card Payments,--848.62
posted,,09/11/2018,,NATURAL GROCERS U025     DENVER       CO,Groceries,-9.57
posted,,09/10/2018,,RTD EAST DIA 0000        DENVER       CO,Travel,-9
posted,,09/10/2018,,LA COLOMBE 65000000656655PHILADELPHIA PA,Restaurants/Dining,-14.15
posted,,09/10/2018,,HIGHLAND WINE AND LIQUOR DENVER       CO,Groceries,-11.87
posted,,09/10/2018,,SPROUTS FARMERS MKT#314 0DENVER       CO,Groceries,-49.54
posted,,09/10/2018,,JENNY'S MARKET #002 10188DENVER       CO,Groceries,-6.24
posted,,09/10/2018,,GOOD 2 GO III INC 6500000PHILADELPHIA PA,Insurance,-4.5
posted,,09/09/2018,,CALEBS AMERICAN KI 542929LAHASKA      PA,Restaurants/Dining,-40
posted,,09/08/2018,,AUDIBLE US               888-283-5051 NJ,Entertainment,-16.09
posted,,09/07/2018,,STITCH FIX  INC.         SAN FRANCIS  CA,Clothing/Shoes,-20
posted,,09/07/2018,,DAZBOG COFFEE            DENVER       CO,Restaurants/Dining,-5.45
posted,,09/07/2018,,SWA INFLIGHT WIFI        WESTLAKE VILLCA,Travel,-8
posted,,09/07/2018,,RTD EAST 38TH-BLAKE 0000 DENVER       CO,Other Expenses,-9
posted,,09/06/2018,,RINO BEER GARDENS 0000   DENVER       CO,Entertainment,-61
posted,,09/06/2018,,7-ELEVEN 34036 93403699  BROOMFIELD   CO,Groceries,-54.23
posted,,09/06/2018,,HELLOFRESH.COM 800-733-24NEW YORK,Restaurants/Dining,-44.92
posted,,09/06/2018,,THE USUAL BARBERSHOP     DENVER       CO,Personal Care,-36
posted,,09/05/2018,,NATURAL GROCERS U025     DENVER       CO,Groceries,-11.82
posted,,09/05/2018,,HELLOFRESH.COM 800-733-24NEW YORK,Groceries,--25
posted,,09/04/2018,,BAR FAUSTO 000000001     DENVER       CO,Restaurants/Dining,-9
posted,,09/03/2018,,NATURAL GROCERS U025     DENVER       CO,Groceries,-8.85
posted,,09/02/2018,,BAR FAUSTO 000000001     DENVER       CO,Restaurants/Dining,-15
posted,,09/02/2018,,RYE SOCIETY 000000001    DENVER       CO,Restaurants/Dining,-12.96
posted,,09/02/2018,,TST* AU FEU 300502343    DENVER       CO,Restaurants/Dining,-14.26
posted,,09/02/2018,,TST* BARS - BIG TROUBLE/KDENVER       CO,Restaurants/Dining,-13.5
posted,,09/02/2018,,USAA INS PREMIU USAA INS SAN ANTONIO  TX,Insurance,-61.71
posted,,09/02/2018,,FINNS MANOR              DENVER       CO,Restaurants/Dining,-54
posted,,09/01/2018,,MCDONALD'S F6440 00000000GOLDEN       CO,Restaurants/Dining,-5.83
posted,,09/01/2018,,NATURAL GROCERS U025     DENVER       CO,Groceries,-0.24
posted,,09/01/2018,,TOWN LIQUOR 0848700216503DENVER       CO,Alcohol/Booze,-22.68
posted,,08/31/2018,,ADVANCE AUTO PARTS #7730 BROOMFIELD   CO,Automotive Expenses,-17.29
posted,,08/31/2018,,KING SOOPERS #0055 000000WESTMINSTER  CO,Groceries,-9.82
posted,,08/31/2018,,KINDNESS YOGA - RINO 4368DENVER       CO,Personal Care,-10
posted,,08/31/2018,,SAFEWAY STORE  2246      DENVER       CO,Groceries,-10.63
posted,,08/31/2018,,CASH REWARDS REDEMPTION,Other Income,--38.29
posted,,08/30/2018,,NEW TERRAIN BREWING 43684GOLDEN       CO,Restaurants/Dining,-6.9
posted,,08/30/2018,,NEW TERRAIN BREWING 43684GOLDEN       CO,Restaurants/Dining,-6.9
posted,,08/30/2018,,SAFEWAY STORE     2812   LOUISVILLE   CO,Groceries,-13.45
posted,,08/30/2018,,SHAKE SHACK - CO  RINO 96DENVER       CO,Restaurants/Dining,-10.78
posted,,08/30/2018,,CHIPOTLE 0114 0009       LOUISVILLE   CO,Work Lunches,-8.53
posted,,08/30/2018,,EVOGEAR.COM EVO          SEATTLE      WA,Clothing/Shoes,-297.04
posted,,08/30/2018,,BEATRICE &amp; WOODSLEY      DENVER       CO,Restaurants/Dining,-105
posted,,08/30/2018,,UNITED PACIFIC 6526 09439LOUISVILLE   CO,Automotive Expenses,-43.01
posted,,08/30/2018,,USAA CREDIT CARD PAYMENT SAN ANTONIO  TX,Credit Card Payments,--905.7
posted,,08/28/2018,,HELLOFRESH.COM 800-733-24NEW YORK,Restaurants/Dining,-69.92
posted,,08/27/2018,,VZWRLSS BILL PAY VE      800-922-0204 FL,Telephone Services,-67.2
posted,,08/27/2018,,ARISTA WINE &amp; SPIRIT 0000BROOMFIELD   CO,Groceries,-25.99
posted,,08/26/2018,,IMPROPER CITY 43684555835DENVER       CO,Restaurants/Dining,-7.78
posted,,08/26/2018,,IMPROPER CITY 43684555835DENVER       CO,Restaurants/Dining,-16.85
posted,,08/26/2018,,MOVEMENT CLIMBING &amp; FI MODENVER       CO,Hobbies,-6
posted,,08/26/2018,,RINO BREWHOUSE 6500000104DENVER       CO,Travel,-6
posted,,08/25/2018,,HIGHLAND WINE AND LIQUOR DENVER       CO,Groceries,-41.02
posted,,08/25/2018,,STARBUCKS STORE 1031     IDAHO SPRINGSCO,Restaurants/Dining,-4.83
posted,,08/25/2018,,SAFEWAY STORE  2246      DENVER       CO,Groceries,-19.23
posted,,08/25/2018,,SPROUTS FARMERS MKT#314 0DENVER       CO,Groceries,-36.79
posted,,08/25/2018,,KUM &amp; GO #975 00000000084IDAHO SPRINGSCO,Gasoline/Fuel,-43.25
posted,,08/24/2018,,TST* CURIO 300506563     DENVER       CO,Restaurants/Dining,-12
posted,,08/24/2018,,TST* CURIO 300506563     DENVER       CO,Restaurants/Dining,-22.5
posted,,08/24/2018,,TST* AMERICAN BONDED 3005DENVER       CO,Restaurants/Dining,-23.33
posted,,08/24/2018,,SAFEWAY STORE     2812   LOUISVILLE   CO,Groceries,-30.35
posted,,08/24/2018,,CHIPOTLE 0114 0009       LOUISVILLE   CO,Work Lunches,-10.92
posted,,08/23/2018,,ORACLE BROOM  072885 5792BROOMFIELD   CO,Business Miscellaneous,-1.87
posted,,08/22/2018,,SAFEWAY STORE     2812   LOUISVILLE   CO,Groceries,-19.36
posted,,08/22/2018,,NATURAL GROCERS U025     DENVER       CO,Groceries,-14.76
posted,,08/22/2018,,ORACLE BROOM  072885 5792BROOMFIELD   CO,Business Miscellaneous,-4.07
posted,,08/21/2018,,DTCOM                    DALLAS       TX,Travel,-202.98
posted,,08/21/2018,,DTCOM                    DALLAS       TX,Travel,-228.99
posted,,08/21/2018,,HELLOFRESH.COM 800-733-24NEW YORK,Restaurants/Dining,-59.94
posted,,08/21/2018,,JENNY'S MARKET #002 10188DENVER       CO,Groceries,-51.59
posted,,08/20/2018,,SAFEWAY  STORE  2246     DENVER       CO,Groceries,-32.04
posted,,08/20/2018,,ORACLE BROOM  072885 5792BROOMFIELD   CO,Business Miscellaneous,-2.77
posted,,08/18/2018,,SHAKE SHACK - CO  RINO 96DENVER       CO,Restaurants/Dining,-13.8
posted,,08/18/2018,,TOWN LIQUOR              DENVER       CO,Alcohol/Booze,-26.14
posted,,08/18/2018,,SAFEWAY STORE  2246      DENVER       CO,Groceries,-31.71
posted,,08/18/2018,,SHAKE SHACK - CO  RINO 96DENVER       CO,Restaurants/Dining,-10.78
posted,,08/18/2018,,KING SOOPERS #0087 000000CONIFER      CO,Groceries,-5.5
posted,,08/15/2018,,SAFEWAY STORE  2246      DENVER       CO,Groceries,-18.93
posted,,08/14/2018,,HELLOFRESH.COM 800-733-24NEW YORK,Restaurants/Dining,-59.94
posted,,08/14/2018,,USAA CREDIT CARD PAYMENT SAN ANTONIO  TX,Credit Card Payments,--1794.94
posted,,08/12/2018,,SAFEWAY STORE  2246      DENVER       CO,Groceries,-11.26
posted,,08/12/2018,,JENNY'S MARKET #002 10188DENVER       CO,Groceries,-44.7
posted,,08/11/2018,,CORNER STORE 0633 0000000FRISCO       CO,Groceries,-13.59
posted,,08/11/2018,,RYE SOCIETY 000000001    DENVER       CO,Restaurants/Dining,-14.58
posted,,08/11/2018,,STARBUCKS STORE 0537     FRISCO       CO,Restaurants/Dining,-5.36
posted,,08/11/2018,,NATURAL GROCERS U025     DENVER       CO,Groceries,-12.83
posted,,08/10/2018,,RECESS BEER GARDEN 650000DENVER       CO,Restaurants/Dining,-15.5
posted,,08/10/2018,,SPROUTS FARMERS MKT#314 0DENVER       CO,Groceries,-9.17
posted,,08/10/2018,,SPROUTS FARMERS MKT#314 0DENVER       CO,Groceries,-16.05
posted,,08/10/2018,,EL FIVE 0000             DENVER       CO,Restaurants/Dining,-27
posted,,08/09/2018,,SAFEWAY STORE  2246      DENVER       CO,Groceries,-3.79
posted,,08/09/2018,,SAFEWAY STORE  2246      DENVER       CO,Groceries,-21.84
posted,,08/09/2018,,CHIPOTLE 0114 0009       LOUISVILLE   CO,Work Lunches,-7.44
posted,,08/08/2018,,AUDIBLE                  AMZN.COM/BILLNJ,General Merchandise,-16.09
posted,,08/08/2018,,JENNY'S MARKET #002 10188DENVER       CO,Groceries,-46.12
posted,,08/07/2018,,SHAKE SHACK - CO  RINO 96DENVER       CO,Restaurants/Dining,-19.52
posted,,08/07/2018,,ORACLE BROOM  072885 5792BROOMFIELD   CO,Business Miscellaneous,-4.01
posted,,08/07/2018,,HELLOFRESH.COM 800-733-24NEW YORK,Restaurants/Dining,-44.92
posted,,08/06/2018,,NATURAL GROCERS U025     DENVER       CO,Groceries,-8.07
posted,,08/06/2018,,SAFEWAY STORE  2246      DENVER       CO,Groceries,-10.16
posted,,08/06/2018,,ORACLE BROOM  072885 5792BROOMFIELD   CO,Business Miscellaneous,-4.01
posted,,08/05/2018,,BIRDCALL                 7204580886   CO,Restaurants/Dining,-12.85
posted,,08/05/2018,,ROSENBERG'S FIVE POINT   DENVER       CO,Restaurants/Dining,-8.64
posted,,08/05/2018,,SAFEWAY STORE  2246      DENVER       CO,Groceries,-12.01
posted,,08/05/2018,,FINNS MANOR              DENVER       CO,Restaurants/Dining,-8
posted,,08/05/2018,,FINNS MANOR              DENVER       CO,Restaurants/Dining,-8
posted,,08/05/2018,,FINNS MANOR              DENVER       CO,Restaurants/Dining,-21.85
posted,,08/05/2018,,DOS GRINGOS LLC          DENVER       CO,Restaurants/Dining,-10.32
posted,,08/03/2018,,SAFEWAY STORE  1587      WESTMINSTER  CO,Groceries,-36.08
posted,,08/03/2018,,USAA CREDIT CARD PAYMENT SAN ANTONIO  TX,Credit Card Payments,--43.56
posted,,08/02/2018,,NEW TERRAIN BREWING 43684GOLDEN       CO,Restaurants/Dining,-13.8
posted,,08/02/2018,,CHIPOTLE 1039 0055       ARVADA       CO,Work Lunches,-8.47
posted,,08/01/2018,,SAFEWAY STORE  1587      WESTMINSTER  CO,Groceries,-16.69
posted,,07/31/2018,,#5700 EVERYDAY STORE 5700BOULDER      CO,Gasoline/Fuel,-39.86
posted,,07/31/2018,,AMAZON.COM               AMZN.COM/BILLWA,Education,-29.28
posted,,07/31/2018,,USAA CREDIT CARD PAYMENT SAN ANTONIO  TX,Credit Card Payments,--381.34
posted,,07/30/2018,,JENNY'S MARKET #002 10188DENVER       CO,Groceries,-3.12
posted,,07/30/2018,,SP * BOLLA.              CULVER CITY  CA,Clothing/Shoes,-22.46
posted,,07/30/2018,,USAA INS PREMIU USAA INS SAN ANTONIO  TX,Insurance,-61.71
posted,,07/30/2018,,USAA CREDIT CARD PAYMENT SAN ANTONIO  TX,Credit Card Payments,--664.65
posted,,07/29/2018,,SPROUTS FARMERS MKT#314 0DENVER       CO,Groceries,-72.62
posted,,07/29/2018,,RYE SOCIETY 000000001    DENVER       CO,Restaurants/Dining,-8.64
posted,,07/29/2018,,CASH REWARDS REDEMPTION,Other Income,--68.29
posted,,07/28/2018,,LUSTRE PEARL DENVER 12552DENVER       CO,Restaurants/Dining,-14
posted,,07/28/2018,,RECESS BEER GARDEN 650000DENVER       CO,Restaurants/Dining,-15.96
posted,,07/28/2018,,SALT AND GRINDER 54292980DENVER       CO,Restaurants/Dining,-12
posted,,07/28/2018,,SALT AND GRINDER 54292980DENVER       CO,Restaurants/Dining,-12.8
posted,,07/28/2018,,NATURAL GROCERS U025     DENVER       CO,Groceries,-6.79
posted,,07/28/2018,,HIGHLANDS CORK AND CAFE' DENVER       CO,Restaurants/Dining,-22.41
posted,,07/28/2018,,WILLIAMS AND GRAHAM 00-08DENVER       CO,Restaurants/Dining,-30
posted,,07/28/2018,,WILLIAMS AND GRAHAM 00-08DENVER       CO,Restaurants/Dining,-120
posted,,07/27/2018,,SAFEWAY STORE  1587      WESTMINSTER  CO,Groceries,-12.91
posted,,07/27/2018,,WESTMINSTER PLAZA LIQUORSWESTMINSTER  CO,Groceries,-43.44
posted,,07/27/2018,,SAFEWAY STORE     2812   LOUISVILLE   CO,Groceries,-21.42
posted,,07/27/2018,,CHIPOTLE 0114 0009       LOUISVILLE   CO,Work Lunches,-9.83
posted,,07/26/2018,,NATURAL GROCERS U025     DENVER       CO,Groceries,-25.4
posted,,07/26/2018,,STITCH FIX  INC.         SAN FRANCIS  CA,Clothing/Shoes,-90.88
posted,,07/25/2018,,JENNY'S MARKET #002 10188DENVER       CO,Groceries,-51.39
posted,,07/25/2018,,LUKE'S                   DENVER       CO,Restaurants/Dining,-36
posted,,07/24/2018,,USPS PO 0710810238 001361BROOMFIELD   CO,Postage and Shipping,-6.7
posted,,07/23/2018,,AMAZON MKTPLACE PMTS     AMZN.COM/BILLWA,General Merchandise,-30.3
posted,,07/23/2018,,NATURAL GROCERS U025     DENVER       CO,Groceries,-13.13
posted,,07/23/2018,,ORACLE BROOM  072885 5792BROOMFIELD   CO,Business Miscellaneous,-3.01
posted,,07/22/2018,,SAFEWAY STORE  2246      DENVER       CO,Groceries,-37.19
posted,,07/22/2018,,STUBHUB  INC STUBHUB  INCSAN FRANCISCOCA,Entertainment,-87.05
posted,,07/21/2018,,HIGHLAND WINE AND LIQUOR DENVER       CO,Groceries,-14.03
posted,,07/21/2018,,NATURAL GROCERS U025     DENVER       CO,Groceries,-20.61
posted,,07/21/2018,,SPROUTS FARMERS MKT#314 0DENVER       CO,Groceries,-18.26
posted,,07/21/2018,,JENNY'S MARKET #002 10188DENVER       CO,Groceries,-6.24
posted,,07/20/2018,,CHIPOTLE 0009 0048       DENVER       CO,Work Lunches,-15.88
posted,,07/19/2018,,NATURAL GROCERS U025     DENVER       CO,Groceries,-6.37
posted,,07/19/2018,,CAP CITY TAVERN 650000008DENVER       CO,Restaurants/Dining,-16.5
posted,,07/19/2018,,COMMUNITY AUTO REPAIR    DENVER       CO,Automotive Expenses,-970.23
posted,,07/19/2018,,COFFEE ETCETERA          DENVER       CO,Clothing/Shoes,-4.94
posted,,07/17/2018,,COFFEE ETCETERA          DENVER       CO,Clothing/Shoes,-4
posted,,07/17/2018,,USAA CREDIT CARD PAYMENT SAN ANTONIO  TX,Credit Card Payments,--260.03
posted,,07/15/2018,,SAFEWAY  STORE  2246     DENVER       CO,Groceries,-43.21
posted,,07/14/2018,,TOWN LIQUOR              DENVER       CO,Alcohol/Booze,-21.61
posted,,07/14/2018,,LUSTRE PEARL DENVER 12552DENVER       CO,Restaurants/Dining,-22
posted,,07/14/2018,,CORNER STORE 0670 0000000GOLDEN       CO,Groceries,-50.39
posted,,07/14/2018,,VZWRLSS BILL PAY VE      800-922-0204 FL,Telephone Services,-82.26
posted,,07/13/2018,,STITCH FIX  INC.         SAN FRANCIS  CA,Clothing/Shoes,-20
posted,,07/13/2018,,SAFEWAY STORE  2246      DENVER       CO,Groceries,-42.21
posted,,07/13/2018,,CO MOTOR VEH SERV RETA 00DENVER       CO,Other Expenses,-79.18
posted,,07/12/2018,,USAA CREDIT CARD PAYMENT SAN ANTONIO  TX,Credit Card Payments,--551.73
posted,,07/10/2018,,THE RUSTY MELON 650000010ERIE         CO,Restaurants/Dining,-13
posted,,07/10/2018,,SAFEWAY STORE     2812   LOUISVILLE   CO,Groceries,-11.39
posted,,07/10/2018,,CHIPOTLE 0114 0009       LOUISVILLE   CO,Work Lunches,-7.44
posted,,07/09/2018,,AIR CARE COLORADO BROOMFIBROOMFIELD   CO,Travel,-25
posted,,07/09/2018,,DTCOM                    DALLAS       TX,Travel,-376.96
posted,,07/08/2018,,ROSENBERG'S FIVE POINT   DENVER       CO,Restaurants/Dining,-8.64
posted,,07/08/2018,,WATKINS CONOCO 10186609  WATKINS      CO,Gasoline/Fuel,-31.52
posted,,07/08/2018,,AUDIBLE                  ADBL.CO/BILL NJ,Entertainment,-16.09
posted,,07/07/2018,,SAFEWAY STORE  2246      DENVER       CO,Groceries,-13.23
posted,,07/07/2018,,JACKSONS SPORT ROCK - 000DENVER       CO,Entertainment,-7.5
posted,,07/07/2018,,MATCHBOX 650000007487831 DENVER       CO,Dinners/Going Out,-26
posted,,07/07/2018,,TST* AMERICAN BONDED 3005DENVER       CO,Restaurants/Dining,-40
posted,,07/06/2018,,STITCH FIX  INC.         SAN FRANCIS  CA,Clothing/Shoes,-116.17
posted,,07/05/2018,,SAFEWAY STORE  2246      DENVER       CO,Groceries,-6.54
posted,,07/05/2018,,SAFEWAY STORE  2246      DENVER       CO,Groceries,-24.5
posted,,07/05/2018,,CO MOTOR VEH SERV RETA 00DENVER       CO,Other Expenses,-32.08
posted,,07/04/2018,,HUMBOLDT FARM FISH WINE 0DENVER       CO,Groceries,-24
posted,,07/04/2018,,7-ELEVEN 13157 0007131573DENVER       CO,Gasoline/Fuel,-3.11
posted,,07/02/2018,,UNITED PACIFIC 6526 09439LOUISVILLE   CO,Automotive Expenses,-48.6
posted,,07/02/2018,,CHIPOTLE 0114 0009       LOUISVILLE   CO,Work Lunches,-8.53
posted,,07/01/2018,,ARAMARK RED ROCKS CONCESSMORRISON     CO,Restaurants/Dining,-4.5
posted,,07/01/2018,,BIRDCALL                 7204580886   CO,Restaurants/Dining,-8.37
posted,,07/01/2018,,ROAMING BUFFALO BBQ      DENVER       CO,Restaurants/Dining,-16.04
posted,,07/01/2018,,AMAZON.COM               AMZN.COM/BILLWA,Education,-29.21
posted,,07/01/2018,,SAFEWAY STORE  2246      DENVER       CO,Groceries,-42.28
posted,,07/01/2018,,USAA CREDIT CARD PAYMENT SAN ANTONIO  TX,Credit Card Payments,--642.71
posted,,06/26/2018,,ARGONAUT WINE &amp; LIQUOR S DENVER       CO,Alcohol/Booze,-168.81
posted,,06/26/2018,,AMAZON.COM               AMZN.COM/BILLWA,Education,-23.98
posted,,06/25/2018,,ALLURE HAIR STUDIO       DENVER       CO,Haircut,-45
posted,,06/24/2018,,ROSENBERG'S FIVE POINT   DENVER       CO,Restaurants/Dining,-8.64
posted,,06/24/2018,,KING SOOPERS FUEL CTR #06CONIFER      CO,Groceries,-45.99
posted,,06/23/2018,,TOWN LIQUOR              DENVER       CO,Alcohol/Booze,-33.49
posted,,06/22/2018,,USAA INS PREMIU USAA INS SAN ANTONIO  TX,Insurance,-142.26
posted,,06/22/2018,,TST* SARTOS 300500876    DENVER       CO,Restaurants/Dining,-45.8
posted,,06/22/2018,,CHIPOTLE 0114 0009       LOUISVILLE   CO,Work Lunches,-10.92
posted,,06/19/2018,,ORACLE BROOM  072885 5792BROOMFIELD   CO,Business Miscellaneous,-2.7
posted,,06/18/2018,,MEADOWLARK BAR           DENVER       CO,Dinners/Going Out,-25
posted,,06/18/2018,,BIRDCALL                 7204580886   CO,Restaurants/Dining,-10.48
posted,,06/18/2018,,DENVER TAILORING AND A   DENVER       CO,Clothing/Shoes,-20
posted,,06/18/2018,,BIRDCALL                 7204580886   CO,Restaurants/Dining,-2.7
posted,,06/18/2018,,715 CLUB 650000009238828 DENVER       CO,Entertainment,-10
posted,,06/18/2018,,LOCAL 46 BAR 00A5        DENVER       CO,Restaurants/Dining,-14
posted,,06/18/2018,,LOCAL 46 BAR 00A5        DENVER       CO,Restaurants/Dining,-16
posted,,06/18/2018,,JENNY'S MARKET #002 10188DENVER       CO,Groceries,-50.17
posted,,06/16/2018,,USAA CREDIT CARD PAYMENT SAN ANTONIO  TX,Credit Card Payments,--1116.63
posted,,06/16/2018,,FINNS MANOR              DENVER       CO,Restaurants/Dining,-24.15
posted,,06/16/2018,,FINNS MANOR              DENVER       CO,Restaurants/Dining,-20.7
posted,,06/15/2018,,JENNY'S MARKET #002 10188DENVER       CO,Groceries,-3.12
posted,,06/15/2018,,STITCH FIX  INC.         SAN FRANCIS  CA,Clothing/Shoes,-20
posted,,06/15/2018,,KINDNESS YOGA - RINO 4368DENVER       CO,Personal Care,-10
posted,,06/14/2018,,#5700 EVERYDAY STORE 5700BOULDER      CO,Gasoline/Fuel,-3.87
posted,,06/12/2018,,AMAZON.COM               AMZN.COM/BILLWA,Education,-33.34
posted,,06/12/2018,,CHIPOTLE 0004 0078       DENVER       CO,Work Lunches,-8.48
posted,,06/12/2018,,VZWRLSS BILL PAY VE      800-922-0204 FL,Telephone Services,-82.26
posted,,06/11/2018,,GNC #07400 0001          DENVER       CO,Healthcare/Medical,-89.98
posted,,06/10/2018,,CHIPOTLE 1039 0055       ARVADA       CO,Work Lunches,-7.4
posted,,06/10/2018,,KUM &amp; GO #912 00000000068CONIFER      CO,Gasoline/Fuel,-6.04
posted,,06/10/2018,,UNITED PACIFIC 6548 09439MORRISON     CO,Automotive Expenses,-5.19
posted,,06/10/2018,,UNITED PACIFIC 6548 09439MORRISON     CO,Automotive Expenses,-52.68
posted,,06/10/2018,,TST* DENVER MILK MARKET -DENVER       CO,Restaurants/Dining,-27.71
posted,,06/10/2018,,TST* DENVER MILK MARKET -DENVER       CO,Restaurants/Dining,-14.52
posted,,06/10/2018,,TST* DENVER MILK MARKET -DENVER       CO,Restaurants/Dining,-24.66
posted,,06/09/2018,,FINNS MANOR 6500000089448DENVER       CO,Restaurants/Dining,-17
posted,,06/08/2018,,AUDIBLE                  ADBL.CO/BILL NJ,Entertainment,-16.09
posted,,06/08/2018,,RECESS BEER GARDEN 650000DENVER       CO,Restaurants/Dining,-80.35
posted,,06/08/2018,,RECESS BEER GARDEN 650000DENVER       CO,Restaurants/Dining,-7
posted,,06/06/2018,,TST* HUDSON HILL 30050249DENVER       CO,Restaurants/Dining,-21
posted,,06/06/2018,,ORACLE BROOM  072885 5792BROOMFIELD   CO,Business Miscellaneous,-3.09
posted,,06/04/2018,,ORACLE BROOM  072885 5792BROOMFIELD   CO,Business Miscellaneous,-2.61
posted,,06/04/2018,,JENNY'S MARKET #002 10188DENVER       CO,Groceries,-3.12
posted,,06/04/2018,,USAA CREDIT CARD PAYMENT SAN ANTONIO  TX,Credit Card Payments,--200
posted,,06/03/2018,,KING SOOPERS FUEL CTR #06CONIFER      CO,Groceries,-29.14
posted,,06/02/2018,,EVO - DENVER 000000004   DENVER       CO,Automotive Expenses,-27
posted,,06/02/2018,,ARGONAUT WINE &amp; LIQUOR S DENVER       CO,Alcohol/Booze,-52.88
posted,,06/02/2018,,THE WALNUT ROOM - WALN   PLAYA VISTA  CA,Restaurants/Dining,-17.26
posted,,06/02/2018,,AMAZON.COM               AMZN.COM/BILLWA,Education,-11.99
posted,,06/01/2018,,KINDNESS YOGA - RINO 4368DENVER       CO,Personal Care,-10
posted,,06/01/2018,,USAA CREDIT CARD PAYMENT SAN ANTONIO  TX,Credit Card Payments,--661.01
posted,,06/01/2018,,USAA CREDIT CARD PAYMENT SAN ANTONIO  TX,Credit Card Payments,--358.98
posted,,05/31/2018,,JENNY'S MARKET #002 10188DENVER       CO,Groceries,-5.19
posted,,05/30/2018,,REI #18 DENVER           DENVER       CO,Clothing/Shoes,-126.93
posted,,05/30/2018,,STITCH FIX  INC.         SAN FRANCIS  CA,Clothing/Shoes,-116.72
posted,,05/29/2018,,THE C-STORE 00836544     DENVER       CO,Groceries,-53.24
posted,,05/29/2018,,USAA CREDIT CARD PAYMENT SAN ANTONIO  TX,Credit Card Payments,--73
posted,,05/28/2018,,LOLA COASTAL MEXICAN     DENVER       CO,Restaurants/Dining,-28
posted,,05/28/2018,,DEVILS THUMB RANCH LOD 21TABERNASH    CO,Hobbies,-451.85
posted,,05/28/2018,,ACORN AT THE SOURCE 0512 DENVER       CO,Electronics,-57.1
posted,,05/28/2018,,SAFEWAY STORE  2246      DENVER       CO,Groceries,-60.03
posted,,05/27/2018,,HECKS RESTAURANT 65000000TABERNASH    CO,Restaurants/Dining,-10.68
posted,,05/27/2018,,CROOKED CREEK SALOON     FRASER       CO,Personal Care,-20
posted,,05/27/2018,,UNDER ARMOUR DIRECT VIRT BALTIMORE    MD,General Merchandise,--108.1
posted,,05/26/2018,,ROCKY MTN MOONSHINE 0422 FRASER       CO,Telephone Services,-33.87
posted,,05/26/2018,,FIRESIDE MARKET &amp; 5429298WINTER PARK  CO,Restaurants/Dining,-22
posted,,05/26/2018,,ICEBOX MOUNTAIN SPORTS 65FRASER       CO,Hobbies,-45.86
posted,,05/26/2018,,ROCKY MTN MOONSHINE 0422 FRASER       CO,Telephone Services,-21.85
posted,,05/25/2018,,JENNY'S MARKET #002 10188DENVER       CO,Groceries,-2.49
posted,,05/25/2018,,JENNY'S MARKET #002 10188DENVER       CO,Groceries,-52.62
posted,,05/25/2018,,CURTIS PARK DELICATESSEN DENVER       CO,Groceries,-52.54
posted,,05/25/2018,,CREMA COFFEE HOUSE       DENVER       CO,Restaurants/Dining,-5.25
posted,,05/25/2018,,HECKS RESTAURANT 65000000TABERNASH    CO,Restaurants/Dining,-62
posted,,05/25/2018,,PROOF WINE &amp; SPIRITS     DENVER       CO,Groceries,-17.22
posted,,05/24/2018,,DENVER TAILORING AND A   DENVER       CO,Clothing/Shoes,-115
posted,,05/24/2018,,KINDNESS YOGA - RINO 4368DENVER       CO,Personal Care,-10
posted,,05/24/2018,,VIOC GF0001 GF00         WESTMINSTER  CO,Gasoline/Fuel,-43.58
posted,,05/24/2018,,ADVANCE AUTO PARTS #7730 BROOMFIELD   CO,Automotive Expenses,-6.48
posted,,05/22/2018,,NATURAL GROCERS U025     DENVER       CO,Groceries,-9.13
posted,,05/21/2018,,ALLURE HAIR STUDIO       DENVER       CO,Haircut,-34
posted,,05/21/2018,,CASH REWARDS REDEMPTION,Other Income,--83.21
posted,,05/20/2018,,TST* WENDELL S 300503661 DENVER       CO,Restaurants/Dining,-25
posted,,05/20/2018,,JOES LIQUOR STORE 0000   DENVER       CO,Groceries,-28.5
posted,,05/19/2018,,EPIC BREWING DENVER EPIC DENVER       CO,Restaurants/Dining,-7
posted,,05/19/2018,,REI #18 DENVER           DENVER       CO,Clothing/Shoes,-158.24
posted,,05/19/2018,,STITCH FIX  INC.         SAN FRANCIS  CA,Clothing/Shoes,-20
posted,,05/19/2018,,TARGET WESTMINSTER 1928  WESTMINSTER  CO,Groceries,-18.41
posted,,05/19/2018,,TSE JENNYSMARKET 2 101883DENVER       CO,Groceries,-49.53
posted,,05/19/2018,,LUSTRE PEARL DENVER 12552DENVER       CO,Restaurants/Dining,-24
posted,,05/19/2018,,WALNUT LIQUOR 0669       DENVER       CO,Groceries,-14.03
posted,,05/15/2018,,CASH REWARDS REDEMPTION,Other Income,--88
posted,,05/14/2018,,VZWRLSS BILL PAY VE      800-922-0204 FL,Telephone Services,-67.26
posted,,05/14/2018,,USAA CREDIT CARD PAYMENT SAN ANTONIO  TX,Credit Card Payments,--705.6
posted,,05/12/2018,,TOWN LIQUOR              DENVER       CO,Alcohol/Booze,-23.77
posted,,05/12/2018,,GASPER LANDSCAPES  INC   RICHBORO     PA,Home Maintenance,-50
posted,,05/10/2018,,AMAZON MKTPLACE PMTS     AMZN.COM/BILLWA,General Merchandise,-12.71
posted,,05/10/2018,,MOE'S BROADWAY BAGEL     DENVER       CO,Restaurants/Dining,-11.02
posted,,05/09/2018,,STITCH FIX  INC.         SAN FRANCIS  CA,Clothing/Shoes,-299.72
posted,,05/08/2018,,AUDIBLE                  ADBL.CO/BILL NJ,Entertainment,-16.09
posted,,05/08/2018,,TARGET WESTMINSTER 1928  WESTMINSTER  CO,Groceries,-3.13
posted,,05/08/2018,,HELLOFRESH.COM 800-733-24NEW YORK,Restaurants/Dining,-27.95
posted,,05/08/2018,,FLATIRON 43 10096196     BROOMFIELD   CO,Gasoline/Fuel,-50.75
posted,,05/07/2018,,EXPRESS.COM 0000         COLUMBUS     OH,Clothing/Shoes,-63.97
posted,,05/07/2018,,ORACLE BROOM  072885 5792BROOMFIELD   CO,Business Miscellaneous,-7.15
posted,,05/06/2018,,COMIDA AT THE STANLEY    AURORA       CO,Restaurants/Dining,-43.5
posted,,05/06/2018,,DENVER BEER CO 4368455580DENVER       CO,Groceries,-15
posted,,05/06/2018,,DENVER BEER CO 4368455580DENVER       CO,Groceries,-16
posted,,05/06/2018,,DENVER BEER CO 4368455580DENVER       CO,Groceries,-8
posted,,05/05/2018,,CHELUNA BREWING COMPAN   AURORA       CO,Restaurants/Dining,-7.2
posted,,05/03/2018,,KINDNESS YOGA - RINO 4368DENVER       CO,Personal Care,-10
posted,,05/03/2018,,RINO BEER GARDENS 0000   DENVER       CO,Entertainment,-41
posted,,05/03/2018,,RINO BEER GARDENS 0000   DENVER       CO,Entertainment,-7
posted,,05/03/2018,,AMAZON.COM               AMZN.COM/BILLWA,Education,-50
posted,,05/01/2018,,SQUARESPACE INC.         NEW YORK     NY,Dues and Subscriptions,-16
posted,,04/28/2018,,USAA CREDIT CARD PAYMENT SAN ANTONIO  TX,Credit Card Payments,--877.05
posted,,04/28/2018,,KING SOOPERS #0115 000000DENVER       CO,Groceries,-36.39
posted,,04/26/2018,,CHIPOTLE 0114 0009       LOUISVILLE   CO,Work Lunches,-10.92
posted,,04/26/2018,,UNITED PACIFIC 6526 09439LOUISVILLE   CO,Automotive Expenses,-4.87
posted,,04/26/2018,,TSE JENNYSMARKET 2 101883DENVER       CO,Groceries,-46.83
posted,,04/25/2018,,TOWN LIQUOR              DENVER       CO,Alcohol/Booze,-26.11
posted,,04/25/2018,,ARAMARK RED ROCKS CONCESSMORRISON     CO,Restaurants/Dining,-38
posted,,04/25/2018,,ARAMARK RED ROCKS CONCESSMORRISON     CO,Restaurants/Dining,-20.5
posted,,04/25/2018,,AMAZON MKTPLACE PMTS     AMZN.COM/BILLWA,General Merchandise,-7.78
posted,,04/22/2018,,RATIO BEERWORKS 436845558DENVER       CO,Dinners/Going Out,-20.4
posted,,04/22/2018,,RATIO BEERWORKS 436845558DENVER       CO,Dinners/Going Out,-6
posted,,04/22/2018,,THE DISTRICT 542929806983DENVER       CO,Restaurants/Dining,-36
posted,,04/22/2018,,OUR MUTUAL FRIEND BREWINGDENVER       CO,Restaurants/Dining,-7
posted,,04/21/2018,,TWO BROTHERS DELICATES   IDAHO SPRINGSCO,Groceries,-9
posted,,04/21/2018,,LUSTRE PEARL DENVER 12552DENVER       CO,Restaurants/Dining,-27
posted,,04/21/2018,,WESTBOUND &amp; DOWN BREWING IDAHO SPRINGSCO,Restaurants/Dining,-48
posted,,04/21/2018,,HELLOFRESH.COM 800-733-24NEW YORK,Restaurants/Dining,-19.96
posted,,04/20/2018,,ADVANCE AUTO PARTS #7730 BROOMFIELD   CO,Automotive Expenses,-40.51
posted,,04/20/2018,,STITCH FIX  INC.         SAN FRANCIS  CA,Clothing/Shoes,-20
posted,,04/19/2018,,FLATIRON 43 10096196     BROOMFIELD   CO,Gasoline/Fuel,-29.24
posted,,04/18/2018,,AMAZON.COM               AMZN.COM/BILLWA,Education,-16.59
posted,,04/16/2018,,USAA CREDIT CARD PAYMENT SAN ANTONIO  TX,Credit Card Payments,--89
posted,,04/14/2018,,DUNBAR KITCHEN AND TAP   DENVER       CO,Home Maintenance,-13
posted,,04/14/2018,,TSE JENNYSMARKET 2 101883DENVER       CO,Groceries,-3.56
posted,,04/13/2018,,CARL'S JR #8046 0000     IDAHO SPRINGSCO,Groceries,-27.83
posted,,04/13/2018,,CHIPOTLE 0114 0009       LOUISVILLE   CO,Work Lunches,-7.44
posted,,04/13/2018,,USAA CREDIT CARD PAYMENT SAN ANTONIO  TX,Credit Card Payments,--613.55
posted,,04/12/2018,,VZWRLSS*BILL PAY  VE     FOLSOM       CA,Telephone Services,-82.35
posted,,04/10/2018,,TSE JENNYSMARKET 2 101883DENVER       CO,Groceries,-37.38
posted,,04/09/2018,,ALLURE HAIR STUDIO       DENVER       CO,Haircut,-42
posted,,04/09/2018,,TSE JENNYSMARKET 2 101883DENVER       CO,Groceries,-3.12
posted,,04/08/2018,,RECESS BEER GARDEN 650000DENVER       CO,Restaurants/Dining,-8
posted,,04/08/2018,,AUDIBLE                  ADBL.CO/BILL NJ,Entertainment,-16.09
posted,,04/07/2018,,DENVER TAILORING AND A   DENVER       CO,Clothing/Shoes,-30
posted,,04/07/2018,,WESTBOUND &amp; DOWN BREWING IDAHO SPRINGSCO,Restaurants/Dining,-34
posted,,04/07/2018,,KING SOOPERS #0029 000000DENVER       CO,Groceries,-7.57
posted,,04/06/2018,,TSE JENNYSMARKET 2 101883DENVER       CO,Groceries,-17.2
posted,,04/06/2018,,NAYAX VENDING 20 65000000HUNT VALLEY  MD,Restaurants/Dining,-1.38
posted,,04/06/2018,,AZITRA RESTAURANT 0217700BROOMFIELD   CO,Restaurants/Dining,-20
posted,,04/06/2018,,USAA CREDIT CARD PAYMENT SAN ANTONIO  TX,Credit Card Payments,--203
posted,,04/05/2018,,STUBHUB  INC STUBHUB  INCSAN FRANCISCOCA,Entertainment,-93.15
posted,,04/05/2018,,STITCH FIX  INC.*STITCH FSAN FRANCIS  CA,Clothing/Shoes,-90.88
posted,,04/04/2018,,AMAZON MKTPLACE PMTS     AMZN.COM/BILLWA,General Merchandise,-7.99
posted,,04/04/2018,,NATURAL GROCERS U025     DENVER       CO,Groceries,-2.69
posted,,04/04/2018,,TSE JENNYSMARKET 2 101883DENVER       CO,Groceries,-47.13
posted,,04/04/2018,,REEBOK E-COMM            CANTON       MA,General Merchandise,--55.56
posted,,04/04/2018,,REEBOK E-COMM            CANTON       MA,General Merchandise,--55.56
posted,,04/03/2018,,NATURAL GROCERS U025     DENVER       CO,Groceries,-5.59
posted,,04/03/2018,,APPLE STORE R182 R182    BROOMFIELD   CO,Electronics,-20.55
posted,,04/03/2018,,USAA CREDIT CARD PAYMENT SAN ANTONIO  TX,Credit Card Payments,--318.61
posted,,04/01/2018,,KINDNESS YOGA - RINO 4368DENVER       CO,Personal Care,-30
posted,,04/01/2018,,SAFEWAY  STORE  2246     DENVER       CO,Groceries,-34.44
posted,,03/31/2018,,CASA SANCHEZ 650000007923FRISCO       CO,Restaurants/Dining,-43.95
posted,,03/31/2018,,SAFEWAY  STORE  2246     DENVER       CO,Groceries,-13.17
posted,,03/31/2018,,COPPER MTN KOKOS HUT COPPFRISCO       CO,Restaurants/Dining,-12
posted,,03/30/2018,,USAA INS PREMIU USAA INS SAN ANTONIO  TX,Insurance,-68.28
posted,,03/30/2018,,APPLE ONLINE USA         CUPERTINO    CA,Electronics,-161.16
posted,,03/30/2018,,KING SOOPERS #0115 000000DENVER       CO,Groceries,-44.32
posted,,03/29/2018,,NATURAL GROCERS U025     DENVER       CO,Groceries,-6.34
posted,,03/29/2018,,ORACLE BROOM  072885 5792BROOMFIELD   CO,Business Miscellaneous,-4.23
posted,,03/29/2018,,USAA CREDIT CARD PAYMENT SAN ANTONIO  TX,Credit Card Payments,--1099.67
posted,,03/28/2018,,TARGET WESTMINSTER 1928  WESTMINSTER  CO,Groceries,-36.16
posted,,03/28/2018,,STUBHUB  INC STUBHUB  INCSAN FRANCISCOCA,Entertainment,-50.2
posted,,03/28/2018,,AMAZON MKTPLACE PMTS     AMZN.COM/BILLWA,General Merchandise,-36.59
posted,,03/28/2018,,USAA CREDIT CARD PAYMENT SAN ANTONIO  TX,Credit Card Payments,--897.03
posted,,03/26/2018,,NATURAL GROCERS U025     DENVER       CO,Groceries,-8.64
posted,,03/26/2018,,STITCH FIX  INC.*STITCH FSAN FRANCIS  CA,Clothing/Shoes,-20
posted,,03/25/2018,,STARBUCKS STORE 0027     DENVER       CO,Restaurants/Dining,-7.56
posted,,03/25/2018,,SAFEWAY  STORE  2246     DENVER       CO,Groceries,-55.33
posted,,03/25/2018,,SAFEWAY  STORE  2246     DENVER       CO,Groceries,-1.89
posted,,03/24/2018,,CRAZY MOUNTAIN BREWING CODENVER       CO,Restaurants/Dining,-6
posted,,03/24/2018,,TRVE BREWING CO.         DENVER       CO,Restaurants/Dining,-7.2
posted,,03/23/2018,,NATURAL GROCERS U025     DENVER       CO,Groceries,-10.56
posted,,03/23/2018,,RECESS BEER GARDEN 650000DENVER       CO,Restaurants/Dining,-43
posted,,03/22/2018,,APPLE ONLINE USA         CUPERTINO    CA,Electronics,-1924.17
posted,,03/20/2018,,ORACLE BROOM  072885 5792BROOMFIELD   CO,Business Miscellaneous,-2.03
posted,,03/20/2018,,REEBOK E-COMM            CANTON       MA,Clothing/Shoes,-55.56
posted,,03/19/2018,,SAFEWAY STORE     2812   LOUISVILLE   CO,Groceries,-19.25
posted,,03/19/2018,,BIRDCALL                 7204580886   CO,Restaurants/Dining,-27.97
posted,,03/19/2018,,SAFEWAY STORE  2246      DENVER       CO,Groceries,-37.46
posted,,03/19/2018,,MILE HIGH SPIRITS DIST   DENVER       CO,Dinners/Going Out,-75
posted,,03/19/2018,,MILE HIGH SPIRITS DIST   DENVER       CO,Dinners/Going Out,-50
posted,,03/19/2018,,MILE HIGH SPIRITS DIST   DENVER       CO,Dinners/Going Out,-34
posted,,03/16/2018,,SAFEWAY STORE     0885   DENVER       CO,Groceries,-27.89
posted,,03/16/2018,,BOULDER RUNNING COMPANY -DENVER       CO,Clothing/Shoes,-36.01
posted,,03/16/2018,,USAA CREDIT CARD PAYMENT SAN ANTONIO  TX,Credit Card Payments,--837.5
posted,,03/15/2018,,SAFEWAY STORE  1587      WESTMINSTER  CO,Groceries,-54.91
posted,,03/15/2018,,ORACLE BROOM  072885 5792BROOMFIELD   CO,Business Miscellaneous,-2.77
posted,,03/14/2018,,KUM &amp; GO #975 00000000084IDAHO SPRINGSCO,Gasoline/Fuel,-23.28
posted,,03/14/2018,,CHIPOTLE 0503 0003       LAKEWOOD     CO,Work Lunches,-8.56
posted,,03/14/2018,,UNDER ARMOUR DIRECT VIRT BALTIMORE    MD,Clothing/Shoes,-152.82
posted,,03/14/2018,,UNDER ARMOUR DIRECT VIRT BALTIMORE    MD,Clothing/Shoes,-51.66
posted,,03/14/2018,,UNDER ARMOUR DIRECT VIRT BALTIMORE    MD,Clothing/Shoes,-21.52
posted,,03/14/2018,,REEBOK E-COMM            CANTON       MA,Clothing/Shoes,-55.56
posted,,03/14/2018,,ORACLE BROOM  072885 5792BROOMFIELD   CO,Business Miscellaneous,-2.7
posted,,03/13/2018,,USAA CREDIT CARD PAYMENT SAN ANTONIO  TX,Credit Card Payments,--300
posted,,03/12/2018,,VZWRLSS*BILL PAY  VE     FOLSOM       CA,Telephone Services,-72.36
posted,,03/12/2018,,ALLURE HAIR STUDIO       DENVER       CO,Haircut,-42
posted,,03/11/2018,,EVO - DENVER 000000004   DENVER       CO,Automotive Expenses,-66.89
posted,,03/11/2018,,SPROUTS FARMERS MKT#322 0DENVER       CO,Groceries,-34.71
posted,,03/10/2018,,SAFEWAY STORE  2246      DENVER       CO,Groceries,-6.98
posted,,03/10/2018,,KING SOOPERS #0029 000000DENVER       CO,Groceries,-37.17
posted,,03/09/2018,,ARGONAUT WINE &amp; LIQUOR S DENVER       CO,Alcohol/Booze,-33.99
posted,,03/09/2018,,ORACLE BROOM  072885 5792BROOMFIELD   CO,Business Miscellaneous,-2.98
posted,,03/08/2018,,TSE JENNYSMARKET 2 101883DENVER       CO,Groceries,-5.98
posted,,03/08/2018,,KING SOOPERS #0115 000000DENVER       CO,Groceries,-20.89
posted,,03/08/2018,,AUDIBLE                  ADBL.CO/BILL NJ,Entertainment,-16.09
posted,,03/06/2018,,THE C-STORE 00836544     DENVER       CO,Groceries,-6.78
posted,,03/04/2018,,SAFEWAY STORE  2246      DENVER       CO,Groceries,-97.61
posted,,03/04/2018,,TRACKS EXDO EVENTS 650000DENVER       CO,Dinners/Going Out,-15
posted,,03/03/2018,,FINNS MANOR 6500000089448DENVER       CO,Restaurants/Dining,-15
posted,,03/03/2018,,FINNS MANOR 6500000089448DENVER       CO,Restaurants/Dining,-49
posted,,03/03/2018,,INTUIT *TURBOTAX         800-446-8848 CA,Other Expenses,-103.63
posted,,03/02/2018,,EL CAMINO COMMUNITY TA   DENVER       CO,Education,-20
posted,,03/02/2018,,KING SOOPERS #0089 000000BROOMFIELD   CO,Groceries,-12.16
posted,,03/02/2018,,HEIDI S BROOKLYN DELI    BROOMFIELD   CO,Groceries,-8.63
posted,,03/02/2018,,AMAZON.COM               AMZN.COM/BILLWA,Education,-29.84
posted,,03/02/2018,,FNG RESTAURANT 5429298070DENVER       CO,Restaurants/Dining,-90
posted,,03/02/2018,,USAA CREDIT CARD PAYMENT SAN ANTONIO  TX,Credit Card Payments,--20.49
posted,,03/01/2018,,USAA INS PREMIU USAA INS SAN ANTONIO  TX,Insurance,-60.84
posted,,02/28/2018,,VZWIRELESS MY VZ VE      800-922-0204 FL,Telephone Services,-67.36
posted,,02/28/2018,,ORACLE BROOM  072885 5792BROOMFIELD   CO,Business Miscellaneous,-2.12
posted,,02/28/2018,,USAA CREDIT CARD PAYMENT SAN ANTONIO  TX,Credit Card Payments,--436.98
posted,,02/27/2018,,SPROUTS FARMERS MKT#314 0DENVER       CO,Groceries,-19.12
posted,,02/27/2018,,VANS.COM                 CYPRESS      CA,Clothing/Shoes,-63.93
posted,,02/25/2018,,ECO EXPRESS CAR WASH 0413DENVER       CO,Clothing/Shoes,-9
posted,,02/25/2018,,SAFEWAY STORE  2246      DENVER       CO,Groceries,-48.62
posted,,02/25/2018,,MOE'S BROADWAY BAGEL     DENVER       CO,Restaurants/Dining,-19.66
posted,,02/24/2018,,STARBUCKS STORE 1031     IDAHO SPRINGSCO,Restaurants/Dining,-9.66
posted,,02/24/2018,,STARBUCKS STORE 1031     IDAHO SPRINGSCO,Restaurants/Dining,-5.16
posted,,02/24/2018,,TST* GERARD S POOL HALL -DENVER       CO,Home Maintenance,-10
posted,,02/23/2018,,SPATARO'S CHEESESTEAKS 00PHILADELPHIA PA,Restaurants/Dining,-14.56
posted,,02/23/2018,,FRG*FANATICS.COM         877-833-7397 FL,General Merchandise,--66.91
posted,,02/22/2018,,DTCOM                    DALLAS       TX,Travel,-1
posted,,02/22/2018,,#07784 ACME 0000000006740DOYLESTOWN   PA,Groceries,-27.2
posted,,02/21/2018,,THE KNIGHT HOUSE/86 WEST DOYLESTOWN   PA,Restaurants/Dining,-50
posted,,02/21/2018,,CVS/PHARMACY #07863 00000DOYLESTOWN   PA,Healthcare/Medical,-6.59
posted,,02/21/2018,,WEIS MARKETS 232 00000000DOYLESTOWN   PA,Groceries,-6.01
posted,,02/20/2018,,#07784 ACME 0000000006740DOYLESTOWN   PA,Groceries,-40.89
posted,,02/17/2018,,UPHS PCAM PARKING 0499   PHILADELPHIA PA,Travel,-10
posted,,02/16/2018,,B AND B BEVERAGE 08487005DOYLESTOWN   PA,Groceries,-19.07
posted,,02/16/2018,,SWA INFLIGHT WIFI        WESTLAKE VILLCA,Travel,-8
posted,,02/16/2018,,NEWS AND GIFTS PHI 542929PHILADELPHIA PA,Gifts,-3.23
posted,,02/16/2018,,GRUBHUB*THEWALNUTROOM GRUNEW YORK     NY,Restaurants/Dining,-16.74
posted,,02/16/2018,,MMS HOSPITAL O152090 4100PHILADELPHIA PA,Healthcare/Medical,-5.96
posted,,02/16/2018,,MMS STARBKSHUP427906 4100PHILADELPHIA PA,Restaurants/Dining,-4.81
posted,,02/16/2018,,BERARDI BROTHERS 00-08030SEA ISLE CITYNJ,Restaurants/Dining,-23.17
posted,,02/16/2018,,FRG*FANATICS.COM         877-833-7397 FL,General Merchandise,--15.3
posted,,02/16/2018,,GOOD 2 GO III INC 6500000PHILADELPHIA PA,Insurance,-2.25
posted,,02/16/2018,,WWW.COFFEEATTHEPOINT.COM DENVER       CO,Restaurants/Dining,-12.61
posted,,02/14/2018,,USAA CREDIT CARD PAYMENT SAN ANTONIO  TX,Credit Card Payments,--764.09
posted,,02/13/2018,,HUMBOLDT FARM FISH WINE 0DENVER       CO,Groceries,-115
posted,,02/13/2018,,TLF=BOUQUET BOUTIQUE INC BROOMFIELD   CO,Clothing/Shoes,-21.64
posted,,02/11/2018,,AMAZON.COM               AMZN.COM/BILLWA,Education,-38.97
posted,,02/10/2018,,OSAKA RAMEN              DENVER       CO,Restaurants/Dining,-22.68
posted,,02/10/2018,,TOWN OF VAIL PARKING     VAIL         CO,Travel,-20
posted,,02/10/2018,,STARBUCKS STORE 1031     IDAHO SPRINGSCO,Restaurants/Dining,-5.16
posted,,02/10/2018,,SAFEWAY STORE  0390      IDAHO SPRINGSCO,Groceries,-20.18
posted,,02/10/2018,,AMAZON.COM               AMZN.COM/BILLWA,Education,-15.31
posted,,02/09/2018,,ROSENBERG'S FIVE POINT   DENVER       CO,Restaurants/Dining,-17.28
posted,,02/08/2018,,NATURAL GROCERS U025     DENVER       CO,Groceries,-39.73
posted,,02/08/2018,,AUDIBLE                  ADBL.CO/BILL NJ,Entertainment,-16.09
posted,,02/08/2018,,GIRL SCOUT TROOP 60380   BROOMFIELD   CO,Charitable Giving,-4
posted,,02/07/2018,,ALLURE HAIR STUDIO       DENVER       CO,Haircut,-42
posted,,02/07/2018,,NATURAL GROCERS U025     DENVER       CO,Groceries,-10.25
posted,,02/07/2018,,USAA CREDIT CARD PAYMENT SAN ANTONIO  TX,Credit Card Payments,--16
posted,,02/06/2018,,SAFEWAY STORE     2812   LOUISVILLE   CO,Groceries,-13.45
posted,,02/06/2018,,CHIPOTLE 0114 0009       LOUISVILLE   CO,Work Lunches,-8.53
posted,,02/06/2018,,KING SOOPERS #0115 000000DENVER       CO,Groceries,-36.14
posted,,02/06/2018,,CAFE OLE INC 0000        PHILADELPHIA PA,Restaurants/Dining,-4.54
posted,,02/05/2018,,DTCOM                    DALLAS       TX,Travel,-80
posted,,02/05/2018,,DIA PARKING OPERATIO     DENVER       CO,Travel,-32
posted,,02/05/2018,,PARADIES #9535 PHL       PHILADELPHIA PA,Gifts,-4
posted,,02/04/2018,,SILK CITY 650000006516036PHILADELPHIA PA,Clothing/Shoes,-38.5
posted,,02/04/2018,,SILK CITY 650000006516036PHILADELPHIA PA,Clothing/Shoes,-25.5
posted,,02/04/2018,,WINE AND SPIRITS 5169 516PHILADELPHIA PA,Groceries,-33.47
posted,,02/03/2018,,B AND B BEVERAGE 08487005DOYLESTOWN   PA,Groceries,-19.6
posted,,02/03/2018,,MONKEYS UNCLE 62000000602DOYLESTOWN   PA,Restaurants/Dining,-28
posted,,02/02/2018,,CARIBOU COFFEE           ENGLEWOOD    CO,Restaurants/Dining,-10.42
posted,,02/01/2018,,TST* BAR HELIX 300005305 DENVER       CO,Restaurants/Dining,-43.2
posted,,02/01/2018,,ORACLE BROOM  072885 5792BROOMFIELD   CO,Business Miscellaneous,-2.68
posted,,01/31/2018,,AMAZON MKTPLACE PMTS     AMZN.COM/BILLWA,General Merchandise,-12.99
posted,,01/31/2018,,USAA CREDIT CARD PAYMENT SAN ANTONIO  TX,Credit Card Payments,--50.72
posted,,01/30/2018,,USAA CREDIT CARD PAYMENT SAN ANTONIO  TX,Credit Card Payments,--583.4
posted,,01/29/2018,,TARGET WESTMINSTER 1928  WESTMINSTER  CO,Groceries,-100.72
posted,,01/28/2018,,FRG*FANATICS.COM         877-833-7397 FL,Clothing/Shoes,-113.78
posted,,01/28/2018,,KING SOOPERS #0115 000000DENVER       CO,Groceries,-43.91
posted,,01/27/2018,,ROSENBERG'S FIVE POINT   DENVER       CO,Restaurants/Dining,-15.93
posted,,01/27/2018,,STARBUCKS DUMONT         KEYSTONE     CO,Restaurants/Dining,-5.87
posted,,01/27/2018,,SPROUTS FARMERS MKT#314 0DENVER       CO,Groceries,-41.8
posted,,01/27/2018,,EXXONMOBIL 4818          GOLDEN       CO,Gasoline/Fuel,-31.54
posted,,01/27/2018,,CHICKEN REBEL            SAN DIEGO    CA,Restaurants/Dining,-23.26
posted,,01/27/2018,,FINNS MANOR              DENVER       CO,Restaurants/Dining,-13.8
posted,,01/27/2018,,RATIO BEERWORKS 436845558DENVER       CO,Dinners/Going Out,-25.2
posted,,01/26/2018,,ADVANCE AUTO PARTS #7730 BROOMFIELD   CO,Automotive Expenses,-24.86
posted,,01/26/2018,,RATIO BEERWORKS 436845558DENVER       CO,Dinners/Going Out,-11
posted,,01/26/2018,,VALVOLINE INSTANT OIL CHAWESTMINSTER  CO,Automotive Expenses,-61.98
posted,,01/25/2018,,NATURAL GROCERS U025     DENVER       CO,Groceries,-7.71
posted,,01/25/2018,,ORACLE BROOM  072885 5792BROOMFIELD   CO,Business Miscellaneous,-1.78
posted,,01/25/2018,,USAA CREDIT CARD PAYMENT SAN ANTONIO  TX,Credit Card Payments,--1223.87
posted,,01/22/2018,,SPROUTS FARMERS MKT#322 0DENVER       CO,Groceries,-20.42
posted,,01/22/2018,,CHIPOTLE 0114 0009       LOUISVILLE   CO,Work Lunches,-7.44
posted,,01/22/2018,,UNITED PACIFIC 6526 09439LOUISVILLE   CO,Automotive Expenses,-40.87
posted,,01/22/2018,,DTCOM                    DALLAS       TX,Travel,-64
posted,,01/21/2018,,ARGONAUT WINE &amp; LIQUOR S DENVER       CO,Alcohol/Booze,-44.24
posted,,01/21/2018,,DOWNING SUPERMARKET 00-08DENVER       CO,Groceries,-1.97
posted,,01/21/2018,,BACKCOUNTRY.COM          800-409-4502 UT,General Merchandise,--94.17
posted,,01/20/2018,,ENZOS END PIZZERIA 084870DENVER       CO,Restaurants/Dining,-29.5
posted,,01/20/2018,,KING SOOPERS #0115 000000DENVER       CO,Groceries,-27.32
posted,,01/19/2018,,AXS.COM DENVER CO        888-929-7849 CA,Entertainment,-170.5
posted,,01/19/2018,,NATURAL GROCERS U025     DENVER       CO,Groceries,-6.69
posted,,01/19/2018,,ZUNI STREET BREWING COMPADENVER       CO,Restaurants/Dining,-24
posted,,01/19/2018,,SAFEWAY STORE     2812   LOUISVILLE   CO,Groceries,-12.73
posted,,01/19/2018,,CHIPOTLE 0114 0009       LOUISVILLE   CO,Work Lunches,-7.44
posted,,01/19/2018,,HIGHLAND WINE AND LIQUOR DENVER       CO,Groceries,-10.25
posted,,01/19/2018,,SPROUTS FARMERS MKT#314 0DENVER       CO,Groceries,-5.69
posted,,01/15/2018,,SAFEWAY STORE  2246      DENVER       CO,Groceries,-31.91
posted,,01/14/2018,,KICKAPOO TAVERN 000000001DILLON       CO,Restaurants/Dining,-76
posted,,01/14/2018,,SUSHI BAY 00-08027518748 DENVER       CO,Restaurants/Dining,-86
posted,,01/13/2018,,SAFEWAY STORE  2246      DENVER       CO,Groceries,-39.62
posted,,01/12/2018,,USAA CREDIT CARD PAYMENT SAN ANTONIO  TX,Credit Card Payments,--759.4
posted,,01/12/2018,,KING SOOPERS #0115 000000DENVER       CO,Groceries,-39.3
posted,,01/11/2018,,EL CHINGON BISTRO - EL CSDENVER       CO,Restaurants/Dining,-53
posted,,01/10/2018,,CHERRY BLOSSOMS FLO      BROOMFIELD   CO,Groceries,-16.29
posted,,01/10/2018,,POTAGER RESTAURANT 650000DENVER       CO,Restaurants/Dining,-142
posted,,01/09/2018,,DTCOM                    DALLAS       TX,Travel,-267.96
posted,,01/09/2018,,PRANA LIVING             CARLSBAD     CA,Clothing/Shoes,-86.39
posted,,01/09/2018,,CHIPOTLE 0114 0009       LOUISVILLE   CO,Work Lunches,-8.53
posted,,01/08/2018,,FRG*FANATICS.COM         877-833-7397 FL,Clothing/Shoes,-20.16
posted,,01/08/2018,,AUDIBLE                  ADBL.CO/BILL NJ,Entertainment,-16.09
posted,,01/07/2018,,AMAZON MKTPLACE PMTS     AMZN.COM/BILLWA,General Merchandise,-19.99
posted,,01/07/2018,,SAFEWAY STORE  2246      DENVER       CO,Groceries,-19.13
posted,,01/07/2018,,FRG*FANATICS.COM         877-833-7397 FL,Clothing/Shoes,-20.8
posted,,01/05/2018,,KING SOOPERS #0115 000000DENVER       CO,Groceries,-41.32
posted,,01/05/2018,,BROTHERS BBQ 4 00-0801813BROOMFIELD   CO,Restaurants/Dining,-14.05
posted,,01/03/2018,,KING SOOPERS #0029 000000DENVER       CO,Groceries,-17.2
posted,,01/03/2018,,ALLURE HAIR STUDIO       DENVER       CO,Haircut,-41
posted,,01/02/2018,,ROCKY MOUNTAIN PUBLI 9480DENVER       CO,Automotive Expenses,-5
posted,,01/01/2018,,SYRUP ON THE PARK 7392906DENVER       CO,Travel,-36
posted,,01/01/2018,,SYRUP ON THE PARK 7392906DENVER       CO,Travel,-20
posted,,01/01/2018,,SPROUTS FARMERS MKT#314 0DENVER       CO,Groceries,-37.32
posted,,01/01/2018,,TSE K&amp;G 501 10188514     DENVER       CO,Gasoline/Fuel,-43.9
posted,,12/31/2017,,DOWNING STREET LIQUORS   DENVER       CO,Groceries,-14.44
posted,,12/31/2017,,SAFEWAY STORE  2246      DENVER       CO,Groceries,-15.89
posted,,12/31/2017,,TOPO 8788430261729 000000DENVER       CO,Clothing/Shoes,--63.51
posted,,12/30/2017,,SAFEWAY STORE  2246      DENVER       CO,Groceries,-6.44
posted,,12/30/2017,,ARGONAUT WINE &amp; LIQUOR S DENVER       CO,Alcohol/Booze,-185.87
posted,,12/30/2017,,KING SOOPERS #0115 000000DENVER       CO,Groceries,-10.97
posted,,12/29/2017,,ITUNES.COM/BILL          CUPERTINO    CA,Entertainment,-50
posted,,12/28/2017,,SAFEWAY STORE  2246      DENVER       CO,Groceries,-15.96
posted,,12/28/2017,,SAFEWAY  STORE  1479     WHEATRIDGE   CO,Groceries,-7.34
posted,,12/28/2017,,SAFEWAY  STORE  1479     WHEATRIDGE   CO,Groceries,-14.13
posted,,12/28/2017,,USAA CREDIT CARD PAYMENT SAN ANTONIO  TX,Credit Card Payments,--776.24
posted,,12/28/2017,,USAA CREDIT CARD PAYMENT SAN ANTONIO  TX,Credit Card Payments,--230
posted,,12/28/2017,,PAPYRUS #2151 000002151  DENVER       CO,Gifts,-31.16
posted,,12/27/2017,,GNC #07082 0001          GLENDALE     CO,Healthcare/Medical,-59.39
posted,,12/27/2017,,TARGET GLENDALE 1806     GLENDALE     CO,General Merchandise,-4.05
posted,,12/26/2017,,KING SOOPERS #0115 000000DENVER       CO,Groceries,-40.09
posted,,12/26/2017,,LIN'S PRICE 0000000001521PRICE        UT,Groceries,-5.11
posted,,12/26/2017,,STOP N SAVE 11 00844431  GRAND JUNCTIOCO,Gasoline/Fuel,-24.43
posted,,12/26/2017,,WALMART NGHBRHD MKT 3988 SPANISH FORK UT,General Merchandise,-5.46
posted,,12/26/2017,,WALMART FUEL#3988 3988   SPANISH FORK UT,General Merchandise,-27.04
posted,,12/25/2017,,ESSENTIALS SALON &amp; SPA 06DOYLESTOWN   PA,Gifts,-50
posted,,12/24/2017,,ULTA GIFT CARDS          877-850-1977 ME,Personal Care,-50
posted,,12/23/2017,,BAJA CANTINA 436845555441PARK CITY    UT,Restaurants/Dining,-50
posted,,12/21/2017,,FRESH MARKET JEREMY RANC PARK CITY    UT,Groceries,-9.03
posted,,12/21/2017,,PARK CITY PARKING SER    PARK CITY    UT,Automotive Expenses,-2
posted,,12/21/2017,,WASATCH BREW PUB 1 WASATCPARK CITY    UT,Restaurants/Dining,-54
posted,,12/20/2017,,THE GEAR ROOM            COTTONWOOD HEUT,General Merchandise,-52.36
posted,,12/20/2017,,TWO BROTHERS DELICATES   IDAHO SPRINGSCO,Groceries,-16.19
posted,,12/20/2017,,KIMIS CHOP &amp; OYSTER HOUSESALT LAKE CITUT,Restaurants/Dining,-20
posted,,12/20/2017,,SAFEWAY STORE     2625   GRAND JUNCTIOCO,Groceries,-11.46
posted,,12/20/2017,,WALMART FUEL#3988 3988   SPANISH FORK UT,General Merchandise,-21.34
posted,,12/20/2017,,BEANS AND BREWS 10 542929SALT LAKE CITUT,Restaurants/Dining,-5.66
posted,,12/19/2017,,RECESS BEER GARDEN 650000DENVER       CO,Restaurants/Dining,-25
posted,,12/19/2017,,MOLLYS SPIRITS 0848700521LAKESIDE     CO,Groceries,-91.53
posted,,12/19/2017,,ANC*ANCESTRY DNA         800-262-3787 UT,General Merchandise,-88.95
posted,,12/19/2017,,BACKCOUNTRY.COM          800-409-4502 UT,Hobbies,-101.16
posted,,12/19/2017,,BIG DOG DELI 650000004068BROOMFIELD   CO,Restaurants/Dining,-13.2
posted,,12/19/2017,,TEEPUBLIC TEEPUBLIC      NEW YORK     NY,Clothing/Shoes,-36.99
posted,,12/19/2017,,KING SOOPERS #0115 000000DENVER       CO,Groceries,-22.62
posted,,12/19/2017,,SAFEWAY STORE  2246      DENVER       CO,Groceries,-18.06
posted,,12/18/2017,,USAA CREDIT CARD PAYMENT SAN ANTONIO  TX,Credit Card Payments,--1306.64
posted,,12/17/2017,,BLUE SPARROW COFFEE      DENVER       CO,Restaurants/Dining,-5.83
posted,,12/17/2017,,BACKCOUNTRY.COM          800-409-4502 UT,General Merchandise,--242.57
posted,,12/16/2017,,ULTREIA 0000             DENVER       CO,Restaurants/Dining,-54.5
posted,,12/16/2017,,TOPO 8788430261729 000000DENVER       CO,Clothing/Shoes,-63.51
posted,,12/16/2017,,SAFEWAY STORE  0244      DENVER       CO,Groceries,-25.56
posted,,12/16/2017,,CREMA COFFEE HOUSE       DENVER       CO,Restaurants/Dining,-10.25
posted,,12/15/2017,,CLANCYS IRISH PUB 0000000WHEAT RIDGE  CO,Restaurants/Dining,-24
posted,,12/15/2017,,ORACLE BROOM  072885 5792BROOMFIELD   CO,Business Miscellaneous,-1.95
posted,,12/15/2017,,BRADLEY #312 000000000807DENVER       CO,Gasoline/Fuel,-43.83
posted,,12/15/2017,,BACKCOUNTRY.COM          800-409-4502 UT,General Merchandise,--246.92
posted,,12/12/2017,,ORACLE BROOM  072885 5792BROOMFIELD   CO,Business Miscellaneous,-4.09
posted,,12/12/2017,,KING SOOPERS #0115 000000DENVER       CO,Groceries,-40.1
posted,,12/11/2017,,TSE JENNYSMARKET 2 101883DENVER       CO,Groceries,-5.06
posted,,12/10/2017,,IZZIOS CENTRAL BAKERY 000DENVER       CO,Restaurants/Dining,-25.83
posted,,12/10/2017,,WHOLEFDS CCK 10095 000010DENVER       CO,Groceries,-26.45
posted,,12/10/2017,,WHOLEFDS CCK 10095 000010DENVER       CO,Groceries,-6.22
posted,,12/10/2017,,SPROUTS FARMERS MKT#314 0DENVER       CO,Groceries,-10.6
posted,,12/10/2017,,LULULEMON CHY CRK DE     DENVER       CO,Clothing/Shoes,-74.28
posted,,12/09/2017,,BLACK DIAMOND PIZZA      KEYSTONE     CO,Restaurants/Dining,-20.5
posted,,12/09/2017,,COLORADO LIQUOR CO 542929ARVADA       CO,Groceries,-56.11
posted,,12/08/2017,,AUDIBLE                  ADBL.CO/BILL NJ,Entertainment,-16.09
posted,,12/08/2017,,LUIGIS 650000009275929   BRECKENRIDGE CO,Restaurants/Dining,-106
posted,,12/07/2017,,MI CASA-BRECKENRIDGE 6500BRECKENRIDGE CO,Restaurants/Dining,-250
posted,,12/07/2017,,STARBUCKS STORE 1031     IDAHO SPRINGSCO,Restaurants/Dining,-5.13
posted,,12/07/2017,,SAFEWAY STORE  0390      IDAHO SPRINGSCO,Groceries,-6.46
posted,,12/07/2017,,TSE JENNYSMARKET 528 1018IDAHO SPRINGSCO,Groceries,-37.88
posted,,12/06/2017,,OSAKA RAMEN              DENVER       CO,Restaurants/Dining,-43.2
posted,,12/06/2017,,BIG DOG DELI 650000004068BROOMFIELD   CO,Restaurants/Dining,-13.2
posted,,12/06/2017,,USAA CREDIT CARD PAYMENT SAN ANTONIO  TX,Credit Card Payments,--161
posted,,12/05/2017,,ALLURE HAIR STUDIO       DENVER       CO,Haircut,-34
posted,,12/05/2017,,KING SOOPERS #0115 000000DENVER       CO,Groceries,-15.91
posted,,12/04/2017,,ARGONAUT WINE &amp; LIQUOR S DENVER       CO,Alcohol/Booze,-32.37
posted,,12/03/2017,,THE WALNUT ROOM - WALN   PLAYA VISTA  CA,Restaurants/Dining,-27.74
posted,,12/03/2017,,USAA CREDIT CARD PAYMENT SAN ANTONIO  TX,Credit Card Payments,--112
posted,,12/02/2017,,ROCKY MOUNTAIN PUBLI 9480DENVER       CO,Automotive Expenses,-5
posted,,11/29/2017,,SAFEWAY STORE  2246      DENVER       CO,Groceries,-28.18
posted,,11/29/2017,,USAA CREDIT CARD PAYMENT SAN ANTONIO  TX,Credit Card Payments,--448
posted,,11/29/2017,,ORACLE BROOM  072885 5792BROOMFIELD   CO,Business Miscellaneous,-4.9
posted,,11/29/2017,,USAA CREDIT CARD PAYMENT SAN ANTONIO  TX,Credit Card Payments,--709.69
posted,,11/26/2017,,SAFEWAY  STORE  2246     DENVER       CO,Groceries,-77.33
posted,,11/25/2017,,SAFEWAY  STORE  1479     WHEATRIDGE   CO,Groceries,-4.69
posted,,11/24/2017,,ROSENBERG'S FIVE POINT   DENVER       CO,Restaurants/Dining,-11.61
posted,,11/24/2017,,KUM &amp; GO #975 00000000084IDAHO SPRINGSCO,Gasoline/Fuel,-1.72
posted,,11/24/2017,,KUM &amp; GO #975 00000000084IDAHO SPRINGSCO,Gasoline/Fuel,-41.29
posted,,11/23/2017,,ARGONAUT WINE &amp; LIQUOR S DENVER       CO,Alcohol/Booze,-106.07
posted,,11/22/2017,,KING SOOPERS #0115 000000DENVER       CO,Groceries,-83.1
posted,,11/22/2017,,TWX*NBA.COM LEAGUE PAS   844-622-8550 GA,Online Services,-6.99
posted,,11/22/2017,,EVO - DENVER 595678      DENVER       CO,Uncategorized,--280.91
posted,,11/21/2017,,STARBUCKS STORE 1077     DENVER       CO,Restaurants/Dining,-4.81
posted,,11/21/2017,,NATURAL GROCERS U025     DENVER       CO,Groceries,-5.52
posted,,11/20/2017,,CHAMPION CLEANERS        BROOMFIELD   CO,Clothing/Shoes,-13.5
posted,,11/20/2017,,COPERTA 650000009162077  DENVER       CO,Uncategorized,-156
posted,,11/20/2017,,BACKCOUNTRY.COM          800-409-4502 UT,Hobbies,-249.56
posted,,11/19/2017,,COLORADO CC DPAC CONC 004DENVER       CO,Education,-15
posted,,11/19/2017,,PROOF WINE &amp; SPIRITS 6500DENVER       CO,Groceries,-27.99
posted,,11/19/2017,,COLORADO CC LIMELGHT RESTDENVER       CO,Education,-18
posted,,11/19/2017,,STARBUCKS STORE 1077     DENVER       CO,Restaurants/Dining,-9.61
posted,,11/19/2017,,INDULGENCES DAY SPA 00000DENVER       CO,Personal Care,-180
posted,,11/19/2017,,HIGHLAND TAP &amp; BURGER 073DENVER       CO,Restaurants/Dining,-36
posted,,11/19/2017,,KING SOOPERS #0115 000000DENVER       CO,Groceries,-32.48
posted,,11/19/2017,,DADDY'S BAR &amp; GRILL      DENVER       CO,Restaurants/Dining,-12
posted,,11/18/2017,,EVO - DENVER 000000004   DENVER       CO,Automotive Expenses,-38.13
posted,,11/18/2017,,ORACLE BROOM  072885 5792BROOMFIELD   CO,Business Miscellaneous,-4.82
posted,,11/18/2017,,AZITRA RESTAURANT 6500000BROOMFIELD   CO,Restaurants/Dining,-14.5
posted,,11/18/2017,,BRADLEY #312 000000000807DENVER       CO,Gasoline/Fuel,-42.58
posted,,11/18/2017,,BUSBY LIQUORS 0158       DENVER       CO,Groceries,-7.87
posted,,11/18/2017,,CHUBURGER RINO 5429298068DENVER       CO,Restaurants/Dining,-25
posted,,11/18/2017,,MILLERS AND ROSSI 0000000DENVER       CO,Restaurants/Dining,-49
posted,,11/18/2017,,NATURAL GROCERS U025     DENVER       CO,Groceries,-9.77
posted,,11/15/2017,,DTCOM                    DALLAS       TX,Uncategorized,-171.96
posted,,11/15/2017,,DTCOM                    DALLAS       TX,Uncategorized,-11.2
posted,,11/14/2017,,TICKETFLY EVENTS         877-435-9849 CA,Travel,-48.41
posted,,11/14/2017,,USAA CREDIT CARD PAYMENT SAN ANTONIO  TX,Credit Card Payments,--1230.01
posted,,11/13/2017,,BACKCOUNTRY.COM          800-409-4502 UT,Hobbies,-305.57
posted,,11/12/2017,,ROSENBERG'S FIVE POINT   DENVER       CO,Restaurants/Dining,-24.84
posted,,11/12/2017,,STARBUCKS DUMONT         KEYSTONE     CO,Restaurants/Dining,-11.07
posted,,11/12/2017,,TSE JENNYSMARKET 2 101883DENVER       CO,Groceries,-40.73
posted,,11/11/2017,,BACON SOCIAL HOUSE 084870DENVER       CO,Restaurants/Dining,-45
posted,,11/11/2017,,LOS CHINGONES 54292980554DENVER       CO,Uncategorized,-43
posted,,11/11/2017,,NATURAL GROCERS U025     DENVER       CO,Groceries,-17.27
posted,,11/10/2017,,TOWN LIQUOR              DENVER       CO,Alcohol/Booze,-14.04
posted,,11/10/2017,,AIRBNB * HMERXWZRAH AIRBNSAN FRANCISCOCA,Travel,-789.8
posted,,11/10/2017,,BACKCOUNTRY.COM          800-409-4502 UT,Hobbies,-246.92
posted,,11/09/2017,,NATURAL GROCERS U025     DENVER       CO,Groceries,-19.03
posted,,11/09/2017,,ORACLE BROOM  072885 5792BROOMFIELD   CO,Business Miscellaneous,-3.09
posted,,11/09/2017,,KING SOOPERS #0115 000000DENVER       CO,Groceries,-41.12
posted,,11/08/2017,,ALLURE HAIR STUDIO       DENVER       CO,Haircut,-34
posted,,11/08/2017,,BIG DOG DELI 650000004068BROOMFIELD   CO,Restaurants/Dining,-12.55
posted,,11/08/2017,,AUDIBLE                  ADBL.CO/BILL NJ,Entertainment,-16.09
posted,,11/07/2017,,PIG &amp; SPROUT             DENVER       CO,Uncategorized,-40
posted,,11/07/2017,,REGAL DENVER PAVILIONS REDENVER       CO,General Merchandise,-11
posted,,11/07/2017,,BACKCOUNTRY.COM          800-409-4502 UT,Hobbies,-107.32
posted,,11/07/2017,,ORACLE BROOM  072885 5792BROOMFIELD   CO,Business Miscellaneous,-4.74
posted,,11/06/2017,,FANDANGO.COM             FANDANGO.COM CA,Entertainment,-27.48
posted,,11/06/2017,,ORACLE BROOM  072885 5792BROOMFIELD   CO,Business Miscellaneous,-4.15
posted,,11/05/2017,,SAFEWAY STORE  2246      DENVER       CO,Groceries,-58.41
posted,,11/04/2017,,EVO - DENVER 595678      DENVER       CO,Automotive Expenses,-281
posted,,11/04/2017,,TSE K&amp;G 501 10188514     DENVER       CO,Uncategorized,-45.53
posted,,11/04/2017,,RECESS BEER GARDEN 650000DENVER       CO,Restaurants/Dining,-6.4
posted,,11/03/2017,,UDEMY.COM                SAN FRANCISCOCA,Online Services,-10
posted,,11/03/2017,,EL CHINGON BISTRO - EL CSDENVER       CO,Restaurants/Dining,-81
posted,,11/03/2017,,SAFEWAY STORE     2812   LOUISVILLE   CO,Groceries,-12.09
posted,,11/03/2017,,CHIPOTLE 0114 0009       LOUISVILLE   CO,Work Lunches,-8.52
posted,,11/03/2017,,BUSBY LIQUORS 0158       DENVER       CO,Groceries,-17.26
posted,,11/02/2017,,ROCKY MOUNTAIN PUBLI 9480DENVER       CO,Automotive Expenses,-5
posted,,11/02/2017,,FAMILY DOLLAR #2901 2901 DENVER       CO,General Merchandise,-3.79
posted,,11/01/2017,,WEST END TAP HOUSE 650000DENVER       CO,Restaurants/Dining,-16
posted,,11/01/2017,,SUSHI BAY 00-08027518748 DENVER       CO,Restaurants/Dining,-72
posted,,10/31/2017,,USAA CREDIT CARD PAYMENT SAN ANTONIO  TX,Credit Card Payments,--879.02
posted,,10/31/2017,,TARGET WESTMINSTER 1928  WESTMINSTER  CO,Groceries,-14.02
posted,,10/31/2017,,LUCKY BRAND #40627 4062  DENVER       CO,Clothing/Shoes,--120.98
posted,,10/30/2017,,KING SOOPERS #0115 000000DENVER       CO,Groceries,-30.53
posted,,10/29/2017,,HIGHLAND WINE AND LIQUOR DENVER       CO,Groceries,-18.88
posted,,10/29/2017,,SPROUTS FARMERS MKT#314 0DENVER       CO,Groceries,-20.18
posted,,10/29/2017,,TSE K&amp;G 501 10188514     DENVER       CO,Uncategorized,-43.31
posted,,10/29/2017,,MOE'S BROADWAY BAGEL     DENVER       CO,Restaurants/Dining,-15.34
posted,,10/29/2017,,TST* PARK BURGER 30000361DENVER       CO,Restaurants/Dining,-21
posted,,10/28/2017,,SUN LIQUORS INC 00-080139DENVER       CO,Groceries,-16.2
posted,,10/28/2017,,BUSBY LIQUORS 0158       DENVER       CO,Groceries,-22.01
posted,,10/28/2017,,SPROUTS FARMERS MKT#314 0DENVER       CO,Groceries,-26.99
posted,,10/27/2017,,SINGERS LIQUOR STORE 6500DENVER       CO,Groceries,-12.96
posted,,10/27/2017,,WEST END TAP HOUSE 650000DENVER       CO,Restaurants/Dining,-57
posted,,10/27/2017,,NATURAL GROCERS U025     DENVER       CO,Groceries,-4.97
posted,,10/25/2017,,NATURAL GROCERS U025     DENVER       CO,Groceries,-16.2
posted,,10/25/2017,,BIG DOG DELI 650000004068BROOMFIELD   CO,Restaurants/Dining,-10.25
posted,,10/24/2017,,KING SOOPERS #0115 000000DENVER       CO,Groceries,-35.29
posted,,10/24/2017,,ORACLE BROOM  072885 5792BROOMFIELD   CO,Business Miscellaneous,-2.7
posted,,10/23/2017,,NATURAL GROCERS U025     DENVER       CO,Groceries,-8.32
posted,,10/22/2017,,DIA PARKING OPERATIO     DENVER       CO,Travel,-24
posted,,10/22/2017,,TELAS MARKET  KITCHEN 000PHILADELPHIA PA,Dinners/Going Out,-2.97
posted,,10/22/2017,,TELAS MARKET  KITCHEN 000PHILADELPHIA PA,Dinners/Going Out,-17.23
posted,,10/22/2017,,LIDS 5210 0000           PHILADELPHIA PA,Clothing/Shoes,-26
posted,,10/22/2017,,DUNKIN #355687 3556      PHILADELPHIA PA,Fast Food,-2.21
posted,,10/22/2017,,FRANKFORD HALL           PHILADELPHIA PA,Restaurants/Dining,-25
posted,,10/21/2017,,FRANKFORD HALL           PHILADELPHIA PA,Restaurants/Dining,-18
posted,,10/21/2017,,CVS/PHARMACY #02159 00000PHILADELPHIA PA,Healthcare/Medical,-26.18

